Solver,C,max_iter,Accuracy,Macro Precision,Macro Recall,Macro F1,Weighted F1,Risky Recall,Risky F1,Training Time (sec),Prediction Time (sec),Actual Iterations
lbfgs,0.01,100,0.5336296296296297,0.7701021691753555,0.4481615840458131,0.41049775077965345,0.45229806763810754,0.24714828897338403,0.385470719051149,0.3350868000416085,0.001857199938967824,11
lbfgs,0.01,500,0.5336296296296297,0.7701021691753555,0.4481615840458131,0.41049775077965345,0.45229806763810754,0.24714828897338403,0.385470719051149,0.3275005000177771,0.0019181999377906322,11
lbfgs,0.01,1000,0.5336296296296297,0.7701021691753555,0.4481615840458131,0.41049775077965345,0.45229806763810754,0.24714828897338403,0.385470719051149,0.36557729996275157,0.0023920999374240637,11
lbfgs,0.01,2000,0.5336296296296297,0.7701021691753555,0.4481615840458131,0.41049775077965345,0.45229806763810754,0.24714828897338403,0.385470719051149,0.337350600049831,0.0019000000320374966,11
lbfgs,0.01,5000,0.5336296296296297,0.7701021691753555,0.4481615840458131,0.41049775077965345,0.45229806763810754,0.24714828897338403,0.385470719051149,0.31738499994389713,0.0018656000029295683,11
lbfgs,0.1,100,0.7745185185185185,0.7918028169014084,0.7467962366339016,0.7591199299777376,0.7695501050831566,0.7547528517110266,0.7738791423001949,0.8687648000195622,0.0018288000719621778,28
lbfgs,0.1,500,0.7745185185185185,0.7918028169014084,0.7467962366339016,0.7591199299777376,0.7695501050831566,0.7547528517110266,0.7738791423001949,0.8065922999521717,0.0018912999657914042,28
lbfgs,0.1,1000,0.7745185185185185,0.7918028169014084,0.7467962366339016,0.7591199299777376,0.7695501050831566,0.7547528517110266,0.7738791423001949,0.7987697999924421,0.0019336000550538301,28
lbfgs,0.1,2000,0.7745185185185185,0.7918028169014084,0.7467962366339016,0.7591199299777376,0.7695501050831566,0.7547528517110266,0.7738791423001949,0.8565979999257252,0.002230199985206127,28
lbfgs,0.1,5000,0.7745185185185185,0.7918028169014084,0.7467962366339016,0.7591199299777376,0.7695501050831566,0.7547528517110266,0.7738791423001949,0.8139561000280082,0.0019029999384656549,28
lbfgs,1.0,100,0.8382222222222222,0.8353756328263197,0.8279161198464872,0.8312209579115102,0.8376143756391407,0.8241444866920152,0.8261076703191996,2.09565329994075,0.0018627999816089869,68
lbfgs,1.0,500,0.8382222222222222,0.8353756328263197,0.8279161198464872,0.8312209579115102,0.8376143756391407,0.8241444866920152,0.8261076703191996,2.1233374999137595,0.0019458000315353274,68
lbfgs,1.0,1000,0.8382222222222222,0.8353756328263197,0.8279161198464872,0.8312209579115102,0.8376143756391407,0.8241444866920152,0.8261076703191996,2.0943759999936447,0.0018099000444635749,68
lbfgs,1.0,2000,0.8382222222222222,0.8353756328263197,0.8279161198464872,0.8312209579115102,0.8376143756391407,0.8241444866920152,0.8261076703191996,2.0965670000296086,0.0036169999511912465,68
lbfgs,1.0,5000,0.8382222222222222,0.8353756328263197,0.8279161198464872,0.8312209579115102,0.8376143756391407,0.8241444866920152,0.8261076703191996,2.023298399988562,0.0018143999623134732,68
lbfgs,10.0,100,0.8405925925925926,0.8372971011966343,0.831875524461395,0.8343740403142519,0.8401773489391264,0.8212927756653993,0.8271900430828147,3.006866000010632,0.001698700012639165,99
lbfgs,10.0,500,0.8405925925925926,0.8372971011966343,0.831875524461395,0.8343740403142519,0.8401773489391264,0.8212927756653993,0.8271900430828147,3.0651493999175727,0.001815199968405068,99
lbfgs,10.0,1000,0.8405925925925926,0.8372971011966343,0.831875524461395,0.8343740403142519,0.8401773489391264,0.8212927756653993,0.8271900430828147,3.1548133000032976,0.0019012000411748886,99
lbfgs,10.0,2000,0.8405925925925926,0.8372971011966343,0.831875524461395,0.8343740403142519,0.8401773489391264,0.8212927756653993,0.8271900430828147,3.0634617999894544,0.0017439000075682998,99
lbfgs,10.0,5000,0.8405925925925926,0.8372971011966343,0.831875524461395,0.8343740403142519,0.8401773489391264,0.8212927756653993,0.8271900430828147,3.104461499955505,0.0017345999367535114,99
lbfgs,100.0,100,0.8343703703703703,0.8305665296647149,0.8264878918933048,0.8284026566228387,0.8340570783884703,0.8165399239543726,0.8224030636668263,2.8377089999848977,0.00185779994353652,89
lbfgs,100.0,500,0.8343703703703703,0.8305665296647149,0.8264878918933048,0.8284026566228387,0.8340570783884703,0.8165399239543726,0.8224030636668263,2.775534199899994,0.0018376000225543976,89
lbfgs,100.0,1000,0.8343703703703703,0.8305665296647149,0.8264878918933048,0.8284026566228387,0.8340570783884703,0.8165399239543726,0.8224030636668263,2.799070500070229,0.0017809999408200383,89
lbfgs,100.0,2000,0.8343703703703703,0.8305665296647149,0.8264878918933048,0.8284026566228387,0.8340570783884703,0.8165399239543726,0.8224030636668263,2.6564432999584824,0.00173510005697608,89
lbfgs,100.0,5000,0.8343703703703703,0.8305665296647149,0.8264878918933048,0.8284026566228387,0.8340570783884703,0.8165399239543726,0.8224030636668263,3.071444800007157,0.0019390999805182219,89
newton-cg,0.01,100,0.5312592592592592,0.7712470705207434,0.4453951770478306,0.40627631112238,0.448407354500093,0.24049429657794677,0.37789395070948467,0.19245599990244955,0.001726499991491437,2
newton-cg,0.01,500,0.5312592592592592,0.7712470705207434,0.4453951770478306,0.40627631112238,0.448407354500093,0.24049429657794677,0.37789395070948467,0.15968820010311902,0.0027753000613301992,2
newton-cg,0.01,1000,0.5312592592592592,0.7712470705207434,0.4453951770478306,0.40627631112238,0.448407354500093,0.24049429657794677,0.37789395070948467,0.16677879996132106,0.0017598000122234225,2
newton-cg,0.01,2000,0.5312592592592592,0.7712470705207434,0.4453951770478306,0.40627631112238,0.448407354500093,0.24049429657794677,0.37789395070948467,0.16658329998608679,0.0023207999765872955,2
newton-cg,0.01,5000,0.5312592592592592,0.7712470705207434,0.4453951770478306,0.40627631112238,0.448407354500093,0.24049429657794677,0.37789395070948467,0.13162769994232804,0.0013837000587955117,2
newton-cg,0.1,100,0.7742222222222223,0.7917210598274019,0.7464793798531663,0.7588792454068694,0.7692638244666399,0.7538022813688213,0.7736585365853659,0.19287550006993115,0.0014689000090584159,3
newton-cg,0.1,500,0.7742222222222223,0.7917210598274019,0.7464793798531663,0.7588792454068694,0.7692638244666399,0.7538022813688213,0.7736585365853659,0.19462770002428442,0.0015423999866470695,3
newton-cg,0.1,1000,0.7742222222222223,0.7917210598274019,0.7464793798531663,0.7588792454068694,0.7692638244666399,0.7538022813688213,0.7736585365853659,0.19351200002711266,0.0015430999919772148,3
newton-cg,0.1,2000,0.7742222222222223,0.7917210598274019,0.7464793798531663,0.7588792454068694,0.7692638244666399,0.7538022813688213,0.7736585365853659,0.1981099999975413,0.0015084999613463879,3
newton-cg,0.1,5000,0.7742222222222223,0.7917210598274019,0.7464793798531663,0.7588792454068694,0.7692638244666399,0.7538022813688213,0.7736585365853659,0.1964496000437066,0.001451799995265901,3
newton-cg,1.0,100,0.8355555555555556,0.8330274671508828,0.824619282056075,0.8283009368988082,0.8348542195877299,0.8193916349809885,0.8229116945107399,0.334206199971959,0.0013786000199615955,5
newton-cg,1.0,500,0.8355555555555556,0.8330274671508828,0.824619282056075,0.8283009368988082,0.8348542195877299,0.8193916349809885,0.8229116945107399,0.3323309998959303,0.0013866000808775425,5
newton-cg,1.0,1000,0.8355555555555556,0.8330274671508828,0.824619282056075,0.8283009368988082,0.8348542195877299,0.8193916349809885,0.8229116945107399,0.3336138000013307,0.0016755000688135624,5
newton-cg,1.0,2000,0.8355555555555556,0.8330274671508828,0.824619282056075,0.8283009368988082,0.8348542195877299,0.8193916349809885,0.8229116945107399,0.33503770001698285,0.0014405000256374478,5
newton-cg,1.0,5000,0.8355555555555556,0.8330274671508828,0.824619282056075,0.8283009368988082,0.8348542195877299,0.8193916349809885,0.8229116945107399,0.3568554000230506,0.0015717999776825309,5
newton-cg,10.0,100,0.8426666666666667,0.83925733797826,0.8341287557829582,0.836502752796256,0.8422736115626108,0.8231939163498099,0.8302972195589645,0.5789241000311449,0.001436699996702373,6
newton-cg,10.0,500,0.8426666666666667,0.83925733797826,0.8341287557829582,0.836502752796256,0.8422736115626108,0.8231939163498099,0.8302972195589645,0.5959941999753937,0.0014959999825805426,6
newton-cg,10.0,1000,0.8426666666666667,0.83925733797826,0.8341287557829582,0.836502752796256,0.8422736115626108,0.8231939163498099,0.8302972195589645,0.5788026000373065,0.0014006000710651278,6
newton-cg,10.0,2000,0.8426666666666667,0.83925733797826,0.8341287557829582,0.836502752796256,0.8422736115626108,0.8231939163498099,0.8302972195589645,0.5974455999676138,0.0014915999490767717,6
newton-cg,10.0,5000,0.8426666666666667,0.83925733797826,0.8341287557829582,0.836502752796256,0.8422736115626108,0.8231939163498099,0.8302972195589645,0.5764069000724703,0.0016116999322548509,6
newton-cg,100.0,100,0.834962962962963,0.830598886533279,0.8267649251442207,0.8285687273694902,0.8346396179211159,0.814638783269962,0.8200956937799043,0.635678100050427,0.001453799894079566,6
newton-cg,100.0,500,0.834962962962963,0.830598886533279,0.8267649251442207,0.8285687273694902,0.8346396179211159,0.814638783269962,0.8200956937799043,0.657031900016591,0.0014294000575318933,6
newton-cg,100.0,1000,0.834962962962963,0.830598886533279,0.8267649251442207,0.8285687273694902,0.8346396179211159,0.814638783269962,0.8200956937799043,0.6525383999105543,0.0014980999985709786,6
newton-cg,100.0,2000,0.834962962962963,0.830598886533279,0.8267649251442207,0.8285687273694902,0.8346396179211159,0.814638783269962,0.8200956937799043,0.6533951000310481,0.0014414000324904919,6
newton-cg,100.0,5000,0.834962962962963,0.830598886533279,0.8267649251442207,0.8285687273694902,0.8346396179211159,0.814638783269962,0.8200956937799043,0.6619045999832451,0.0014223000034689903,6
saga,0.01,100,0.5336296296296297,0.7701021691753555,0.4481615840458131,0.41049775077965345,0.45229806763810754,0.24714828897338403,0.385470719051149,0.6619007999543101,0.0014353999868035316,21
saga,0.01,500,0.5336296296296297,0.7701021691753555,0.4481615840458131,0.41049775077965345,0.45229806763810754,0.24714828897338403,0.385470719051149,0.42462619999423623,0.0014322999631986022,21
saga,0.01,1000,0.5336296296296297,0.7701021691753555,0.4481615840458131,0.41049775077965345,0.45229806763810754,0.24714828897338403,0.385470719051149,0.43376629997510463,0.0015803000424057245,21
saga,0.01,2000,0.5336296296296297,0.7701021691753555,0.4481615840458131,0.41049775077965345,0.45229806763810754,0.24714828897338403,0.385470719051149,0.42506189993582666,0.001514500007033348,21
saga,0.01,5000,0.5336296296296297,0.7701021691753555,0.4481615840458131,0.41049775077965345,0.45229806763810754,0.24714828897338403,0.385470719051149,0.42973329999949783,0.001415699953213334,21
saga,0.1,100,0.7739259259259259,0.7911008922216402,0.7463228844873013,0.7586564188153773,0.7690170947301367,0.752851711026616,0.7726829268292683,0.40968440007418394,0.0014556999085471034,21
saga,0.1,500,0.7739259259259259,0.7911008922216402,0.7463228844873013,0.7586564188153773,0.7690170947301367,0.752851711026616,0.7726829268292683,0.412228100001812,0.0014154999516904354,21
saga,0.1,1000,0.7739259259259259,0.7911008922216402,0.7463228844873013,0.7586564188153773,0.7690170947301367,0.752851711026616,0.7726829268292683,0.4136770999757573,0.0014412000309675932,21
saga,0.1,2000,0.7739259259259259,0.7911008922216402,0.7463228844873013,0.7586564188153773,0.7690170947301367,0.752851711026616,0.7726829268292683,0.44894269993528724,0.0015081000747159123,21
saga,0.1,5000,0.7739259259259259,0.7911008922216402,0.7463228844873013,0.7586564188153773,0.7690170947301367,0.752851711026616,0.7726829268292683,0.4128966999705881,0.001582200056873262,21
saga,1.0,100,0.8391111111111111,0.8364904331425432,0.8285279886185452,0.8320259395200855,0.8384643610940089,0.8250950570342205,0.8266666666666667,0.44833859999198467,0.0015598000027239323,23
saga,1.0,500,0.8391111111111111,0.8364904331425432,0.8285279886185452,0.8320259395200855,0.8384643610940089,0.8250950570342205,0.8266666666666667,0.4639154999749735,0.0018257999327033758,23
saga,1.0,1000,0.8391111111111111,0.8364904331425432,0.8285279886185452,0.8320259395200855,0.8384643610940089,0.8250950570342205,0.8266666666666667,0.45064490009099245,0.0014727999223396182,23
saga,1.0,2000,0.8391111111111111,0.8364904331425432,0.8285279886185452,0.8320259395200855,0.8384643610940089,0.8250950570342205,0.8266666666666667,0.44713779992889613,0.0014791000867262483,23
saga,1.0,5000,0.8391111111111111,0.8364904331425432,0.8285279886185452,0.8320259395200855,0.8384643610940089,0.8250950570342205,0.8266666666666667,0.4621154998894781,0.0015408000908792019,23
saga,10.0,100,0.8426666666666667,0.8393184675730803,0.8340395857053197,0.8364774067182985,0.8422605091618796,0.8222433460076045,0.8301343570057581,1.2746308000059798,0.0014573000371456146,66
saga,10.0,500,0.8426666666666667,0.8393184675730803,0.8340395857053197,0.8364774067182985,0.8422605091618796,0.8222433460076045,0.8301343570057581,1.2534696999937296,0.0015538999577984214,66
saga,10.0,1000,0.8426666666666667,0.8393184675730803,0.8340395857053197,0.8364774067182985,0.8422605091618796,0.8222433460076045,0.8301343570057581,1.2547010999405757,0.001498199999332428,66
saga,10.0,2000,0.8426666666666667,0.8393184675730803,0.8340395857053197,0.8364774067182985,0.8422605091618796,0.8222433460076045,0.8301343570057581,1.2850834999699146,0.0014976999955251813,66
saga,10.0,5000,0.8426666666666667,0.8393184675730803,0.8340395857053197,0.8364774067182985,0.8422605091618796,0.8222433460076045,0.8301343570057581,1.2607775999931619,0.0015492000384256244,66
saga,100.0,100,0.8331851851851851,0.8290510724884254,0.824436636436421,0.8265792005179035,0.8327997094603834,0.814638783269962,0.8181384248210024,1.9406436999561265,0.0014700000174343586,100
saga,100.0,500,0.8322962962962963,0.8282961442365432,0.8238959590015944,0.8259495935342603,0.8319369352511532,0.8127376425855514,0.8177905308464849,5.546854299958795,0.001460700063034892,299
saga,100.0,1000,0.8322962962962963,0.8282961442365432,0.8238959590015944,0.8259495935342603,0.8319369352511532,0.8127376425855514,0.8177905308464849,5.576861600042321,0.0014172999653965235,299
saga,100.0,2000,0.8322962962962963,0.8282961442365432,0.8238959590015944,0.8259495935342603,0.8319369352511532,0.8127376425855514,0.8177905308464849,5.609170899959281,0.0015784000279381871,299
saga,100.0,5000,0.8322962962962963,0.8282961442365432,0.8238959590015944,0.8259495935342603,0.8319369352511532,0.8127376425855514,0.8177905308464849,5.737531000049785,0.001465099980123341,299
